{
  "@context": "https://w3id.org/openbadges/v2",
  "type": "Profile",
  "id": "https://edman502.github.io/exogreen-certificates/issuer.json",
  "name": "Edgar Manuel Rojas Soto",
  "url": "https://edman502.github.io/exogreen-certificates/",
  "email": "emisor@email.com",
  "image": "https://edman502.github.io/exogreen-certificates/imagenes/logo_exogreen.png",
  "publicKey": [
    {
      "id": "ecdsa-koblitz-pubkey:TU_CLAVE_PUBLICA",
      "created": "2024-05-11T00:00:00Z",
      "revoked": false
    }
  ]
}