{
  "@context": [
    "https://w3id.org/openbadges/v2",
    "https://w3id.org/blockcerts/v2"
  ],
  "type": "Assertion",
  "id": "urn:uuid:123e4567-e89b-12d3-a456-426614174000",
  "recipient": {
    "type": "email",
    "identity": "juan.perez@email.com",
    "hashed": true,
    "salt": "abc123salt"
  },
  "issuedOn": "2024-05-11T00:00:00Z",
  "badge": "https://edman502.github.io/exogreen-certificates/certificados/exogreen-badge.json",
  "verification": {
    "type": ["MerkleProof2017", "Extension"]
  },
  "signature": {
    "type": "MerkleProof2017",
    "created": "2024-05-11T00:00:00Z",
    "creator": "ecdsa-koblitz-pubkey:TU_CLAVE_PUBLICA",
    "signatureValue": "firmadigital123..."
  }
}