{
  "@context": "https://w3id.org/openbadges/v2",
  "type": "BadgeClass",
  "id": "https://edman502.github.io/exogreen-certificates/certificados/exogreen-badge.json",
  "name": "Certificado de Innovación Tecnológica - EXOGREEN",
  "description": "Reconocimiento al desarrollo del Exoesqueleto Multifuncional Autónomo EXOGREEN.",
  "image": "https://edman502.github.io/exogreen-certificates/imagenes/exogreen_badge.png",
  "criteria": {
    "narrative": "Certifica la creación y validación de un exoesqueleto sin fuentes de energía recargables para uso civil, militar, deportivo y de rescate."
  },
  "issuer": "https://edman502.github.io/exogreen-certificates/issuer.json"
}